ProductID,ProductName,Sales Last 12M,Sales Last 6M,GP % 12M,Months of Cover 6M,Avg Stock Age Days,Current Available Qty,LeadTimeDays,Customers Count 12M,StrategicFlag,ABC Sales Class,XYZ_Class
P0188,Voltix Wireless Mouse Silent VO889,3322.03,3173.4,0.48218408623642767,10.736842105263158,120,34,31,3,No,C,Y
P0313,Voltix Wireless Mouse Silent VO197,9262.37,4354.52,0.38339107593412913,1.0093457943925235,91,18,22,16,Yes,C,Y
P0229,Voltix Wireless Mouse Compact VO323,50176.7,28473.5,0.5207927185327055,1.475,58,59,33,26,No,A,Y
P0372,Voltix Wireless Mouse Compact VO246,5515.19,0,0.2951249186338096,,44,515,53,5,No,C,Y
P0117,Voltix Wi-Fi Router Dual-Band VO296,132306.28,72423.43,0.406010735091335,1.8461538461538463,31.25,72,31,36,No,A,X
P0144,Voltix Webcam Privacy-Shutter VO116,119631.99,66570.27,0.338189057960166,1.913946587537092,24.75,215,15,42,No,A,X
P0020,Voltix Webcam 1080p VO896,31867.41,16097.38,0.35960437324526845,1.2702702702702702,51,47,31,21,No,B,Y
P0034,Voltix USB-C Cable 100W VO805,21453.9,16991.79,0.3538340348374887,1.411764705882353,120,72,59,17,No,B,Y
P0217,Voltix USB-C Cable 100W VO289,1255.68,545.55,0.4915583588175331,2.6666666666666665,147,8,41,5,No,C,X
P0114,Voltix Tablet 10-inch VO838,1075.96,0,0.4166325885720658,,455,72,40,2,No,C,X
P0293,Voltix Smart Speaker Stereo VO892,41228.69,20864.91,0.37873602096016146,1.3846153846153846,85,15,35,25,No,B,X
P0045,Voltix Smart Speaker Mini VO544,201181.64,107137.19,0.3971294796085766,0.5431034482758621,25.333333333333332,21,6,40,No,A,Y
P0197,Voltix POS Tablet Rugged VO560,13721.18,4716.14,0.24733295532891483,12,46.333333333333336,20,34,4,No,B,Y
P0038,Voltix POS Tablet Rugged VO373,1344.14,886.01,0.21108664276042674,78,602,26,31,3,No,C,X
P0267,Voltix POS Tablet Dock-Ready VO490,86760.24,32238.78,0.4100408205417596,0.8571428571428571,33,8,27,24,No,A,Y
P0161,Voltix POS Tablet Android VO483,3471.25,1053.89,0.2646510622974433,4.666666666666667,50,14,37,15,Yes,C,Y
P0087,Voltix POS Tablet Android VO213,90046.79,42312.27,0.3717113069771838,2.63013698630137,39,32,6,27,No,A,Y
P0121,Voltix Portable SSD Rugged VO588,918.17,38.76,0.3790147793981507,48,367,8,20,4,No,C,Z
P0342,Voltix Portable SSD 500GB VO787,2298.58,1315.09,0.4626247509331849,61.666666666666664,426.5,185,33,4,No,C,Y
P0340,Voltix Portable SSD 500GB VO327,812.23,812.23,0.35400071408344924,31.090909090909093,21,57,44,1,No,C,X
P0317,Voltix Portable SSD 2TB VO711,15793.79,9490.02,0.4477012800600742,0.1340782122905028,79,4,45,23,No,B,Y
P0308,Voltix Noise-Canceling Headset Wireless VO904,4620.27,1958.01,0.36384670159969,2.8235294117647056,110,8,50,8,No,C,Y
P0129,Voltix Mini PC i5 VO672,221290.85,113281.57,0.32050701599275344,1.2375,24.5,33,7,37,No,A,X
P0280,Voltix Mini PC i5 VO506,53643.27,22133.98,0.2563070819508207,3.257142857142857,98.33333333333333,19,29,19,Yes,A,Y
P0186,Voltix Mechanical Keyboard Wireless VO847,105125.53,44005.16,0.4273313057256406,0.977867203219316,33,81,40,41,No,A,X
P0276,Voltix Mechanical Keyboard Full-Size VO425,41980.74,19055.6,0.5300452064446696,2.5341614906832297,49,68,23,21,No,A,Y
P0215,Voltix Laptop Stand Cooling VO776,132904.86,53187.14,0.3745185089544506,2.5673076923076925,36.666666666666664,178,43,34,No,A,Y
P0292,Voltix Laptop Stand Cooling VO726,9713.15,3908.19,0.4335514225560194,124,75.33333333333333,620,28,7,No,C,Y
P0380,Voltix IP Camera PoE VO903,34536.28,14639.44,0.34365687329382316,1.375,74,11,22,21,No,B,Y
P0043,Voltix IP Camera Indoor VO638,99816.19,58254.88,0.3837793247768724,0.6896551724137931,63.5,10,21,21,No,A,Y
P0063,Voltix IP Camera Indoor VO195,150161.1,66967.79,0.28589694667926646,1.1125827814569536,25,28,24,44,No,A,X
P0016,Voltix IP Camera 4MP VO871,2837.23,2339.13,0.28937731519827437,5.142857142857142,58,12,32,8,No,C,Y
P0346,Voltix HDMI Cable 8K VO988,1968.46,895.3,0.4737612143503043,28.875,284,77,41,7,No,C,Y
P0388,Voltix GaN Charger Travel VO807,0,0,,,452,164,12,,Yes,,X
P0291,Voltix GaN Charger 65W VO632,8605.1,4319.8,0.5167470453568233,0.6176470588235293,73.5,7,45,7,No,C,Y
P0115,Voltix GaN Charger 65W VO295,2136.58,1388.71,0.48004287225378883,6.5,222,13,37,4,No,C,Y
P0139,Voltix Flash Drive USB 3.2 VO348,2422.82,1398.13,0.520905391238309,39.483870967741936,74.5,204,8,5,No,C,X
P0074,Voltix Flash Drive 256GB VO984,7988.95,5128.83,0.5315429436909732,1.5492957746478873,59.5,55,44,22,No,C,Y
P0142,Voltix Docking Station Travel VO571,31449.38,20042.94,0.4019799436427682,1.8133333333333332,64,68,28,23,No,B,Y
P0143,Voltix Docking Station 8-in-1 VO882,47643.27,38188.4,0.43143973954768433,0.21951219512195122,124,12,46,15,No,A,Y
P0387,SupplyHub UPS Battery Long-Life SU719,312563.43,154651.78,0.4989004311860796,0.2709251101321586,27.5,82,27,44,No,A,X
P0125,SupplyHub UPS Battery 9Ah SU557,57107.34,25616.32,0.47534064797975184,1.298181818181818,66.66666666666667,119,8,23,No,A,Y
P0316,SupplyHub Printer Ribbon Wax SU410,2511.69,2511.69,0.5107795946155775,30.444444444444443,696,137,35,1,No,C,Y
P0362,SupplyHub Printer Ribbon Resin SU137,4405.9,1611.6,0.5297215097936858,25.439999999999998,66.33333333333333,424,20,9,No,C,Y
P0056,SupplyHub Printer Ribbon Color SU382,2085,959.29,0.4717410071942446,23.3,134,466,24,8,No,C,Y
P0083,SupplyHub Label Roll Waterproof SU572,4771.11,4771.11,0.5205476293776501,4.102941176470588,18,93,44,6,No,C,Y
P0323,SupplyHub Label Roll Thermal SU303,16394.5,9817.72,0.4638250632834182,4.281081081081081,161,132,29,8,No,B,Y
P0213,SupplyHub Ink Cartridge XL SU367,72611,44286.2,0.5558498023715415,1.8028169014084507,61.666666666666664,128,36,16,Yes,A,Y
P0250,SupplyHub Ink Cartridge Tri-Color SU617,90887.18,30689.73,0.5044938130988331,0.5190311418685122,88.5,25,29,21,No,A,Y
P0350,SupplyHub Ink Cartridge Tri-Color SU311,11958.19,11958.19,0.4877050791131433,16.285714285714285,566,247,26,2,No,C,Z
P0138,SupplyHub Copy Paper A4 SU994,2321.71,845.39,0.38651252740437003,13.636363636363637,85,100,20,5,No,C,Y
P0354,SupplyHub Copy Paper A4 SU281,29417.47,20580.11,0.4334794936478222,1.0109204368174727,96.5,108,7,12,No,B,Y
P0333,SupplyHub Copy Paper 80gsm SU773,19406.57,8251.19,0.4819563683845214,1.6571428571428573,70.66666666666667,174,18,23,No,B,Y
P0039,SupplyHub Cleaning Kit Screen SU961,73322.33,20609.31,0.3510768138437499,3.56390977443609,26,237,20,27,No,A,Y
P0278,SupplyHub AA Battery Rechargeable SU369,250038.74,105635.28,0.5689351178141435,0.47067137809187276,19.333333333333332,111,31,37,No,A,Y
P0386,SupplyHub AA Battery Alkaline SU240,1542.58,1542.58,0.565520102685112,35.225806451612904,386,182,19,1,Yes,C,Z
P0376,SupplyHub AA Battery 12-Pack SU419,631.05,0,0.46699944536882976,,380,112,8,2,No,C,Y
P0336,StorePulse Scanner Stand Desktop ST138,95404.68,47280.7,0.42376977733167814,0.24161073825503357,82.33333333333333,6,37,21,No,A,Y
P0269,StorePulse Scanner Stand Countertop ST955,1021.08,862.78,0.2834058056175814,5.217391304347826,203,20,6,5,No,C,Y
P0357,StorePulse Receipt Paper 57mm ST284,1783.9,989.51,0.43667245921856607,1.7142857142857142,133,6,18,8,No,C,Y
P0173,StorePulse Price Checker Wi-Fi ST818,899.78,899.78,0.4552668430060681,21.428571428571427,271,25,33,2,No,C,Y
P0118,StorePulse Price Checker Kiosk ST457,60499.85,32739.74,0.4423691959566842,4.2439024390243905,35.5,58,26,17,Yes,A,Y
P0396,StorePulse POS Keyboard Spill Resistant ST891,16793.8,10099.42,0.38522133168193023,7.142857142857143,151.5,50,23,9,No,B,Y
P0391,StorePulse POS Keyboard Programmable ST393,89815.21,47034.95,0.2844871152670021,2.0454545454545454,72,60,21,28,No,A,Y
P0120,StorePulse POS Keyboard Compact ST348,46586.9,25301.37,0.2889911112351326,2.368421052631579,61.666666666666664,60,28,22,No,A,X
P0124,StorePulse Pole Display USB ST279,544.27,0,0.28109210502140486,,353,59,20,1,No,C,Y
P0072,StorePulse Pole Display Customer Facing ST326,1335.26,1335.26,0.2631547413986789,0.6666666666666666,19,1,32,3,No,C,Z
P0027,StorePulse Label Gun Two Line ST296,52434.04,48365.33,0.29858732991011183,0.8787878787878788,118.66666666666667,29,30,17,No,A,Z
P0349,StorePulse Label Gun Retail ST502,3256.49,1520.81,0.4355394919069305,6,86,6,60,3,No,C,X
P0304,StorePulse Label Gun Heavy Duty ST589,3939.72,3671.49,0.41118150528463954,0.27906976744186046,128,2,38,8,No,C,Y
P0106,StorePulse Label Gun Heavy Duty ST525,6467.58,3502.83,0.3956039198587416,2,141,3,34,4,No,C,Y
P0381,StorePulse Label Gun Heavy Duty ST433,80606.47,42774.91,0.2723055605834122,1.3922651933701657,75.33333333333333,42,48,19,Yes,A,Y
P0112,StorePulse Label Gun Heavy Duty ST252,4849.36,1390.2,0.3631613243809492,4.875,77,13,10,11,Yes,C,Y
P0378,StorePulse Label Gun Heavy Duty ST215,0,0,,,433,280,44,,No,,Y
P0305,StorePulse Cash Drawer Heavy-Duty ST488,6940.61,5934.36,0.4017528718657294,4.588235294117647,71.33333333333333,13,42,4,No,C,Y
P0214,StorePulse Cash Drawer Compact ST821,2354.7,2354.7,0.27294347475262243,6,10,8,32,1,No,C,X
P0358,SignalWorks SFP Module Single-Mode SI431,32150.31,11511.47,0.2967252881854016,0.15,21.5,1,63,21,No,B,Y
P0140,SignalWorks SFP Module Multi-Mode SI577,11028.5,2662.96,0.32132565625425036,13.5,54,9,34,4,No,C,Y
P0193,SignalWorks SFP Module 1G SI519,35014.48,18243.81,0.3945290634046257,0.3934426229508197,62,4,40,17,No,B,Y
P0294,SignalWorks SFP Module 1G SI264,24987.68,9584.19,0.22478677492268187,1.6666666666666667,35,30,28,23,No,B,Y
P0359,SignalWorks SFP Module 10G SI487,63868.13,19431.59,0.19365652321431676,2.181818181818182,59,16,39,20,No,A,Y
P0315,SignalWorks Rack PDU Metered SI814,9806.7,1959.88,0.20915292606075436,9,49,9,38,6,No,C,Y
P0153,SignalWorks Network Switch PoE SI984,57962.15,34468.22,0.29132373454055793,1.2530120481927711,22.333333333333332,52,6,36,No,A,Y
P0262,SignalWorks Network Switch Managed SI907,79982.84,39942.15,0.29537198229020123,0.06818181818181819,92,1,31,20,No,A,Y
P0373,SignalWorks Network Switch 8-Port SI205,13394.59,13394.59,0.26606189513826106,2.7857142857142856,57,13,9,7,No,B,X
P0248,SignalWorks Firewall Appliance VPN SI215,9383.85,5623.96,0.3836666187119359,5.454545454545455,136,10,48,5,No,C,Y
P0011,SignalWorks Firewall Appliance Mid-Market SI835,60391,31675.72,0.19308241294232587,1.4226804123711339,107.5,23,48,17,No,A,Y
P0393,SignalWorks CAT6 Cable Bulk Box SI343,16679.05,10252.49,0.15987361390486868,2.0307692307692307,85,44,26,25,No,B,Y
P0266,SignalWorks CAT6 Cable 10m SI400,6438.63,6438.63,0.2021206374648023,4.56,33,19,8,5,No,C,X
P0237,SignalWorks Access Point Outdoor SI848,2904.53,2364.35,0.34674456796796727,184.5,561,123,38,3,No,C,Y
P0047,SignalWorks Access Point Mesh SI753,10091.76,5608.53,0.3935646507645842,1.6285714285714286,50.5,19,38,18,Yes,C,X
P0066,Scanly Thermal Printer USB SC858,62653.16,31149.1,0.25484843861027917,0.8041237113402061,11,13,24,41,No,A,Y
P0238,Scanly Thermal Printer LAN SC271,2202.53,1482.92,0.32893536069883267,261,283,174,24,3,No,C,Y
P0345,Scanly Thermal Printer 203dpi SC361,70084.2,32449.92,0.31178354037001205,1.3499999999999999,50,9,43,23,No,A,X
P0319,Scanly Receipt Printer LAN SC817,192130.08,72563.62,0.25030552217539287,1.4680851063829787,16.666666666666668,23,29,44,No,A,Y
P0107,Scanly Receipt Printer LAN SC347,57538.32,29585.92,0.2684972380145962,0.6804123711340205,12.333333333333334,11,10,42,No,A,X
P0008,Scanly Receipt Printer Bluetooth SC434,1811.44,964.14,0.2511592986795036,114,210,95,9,7,No,C,Y
P0322,Scanly Receipt Printer 80mm SC633,11351.27,6848.7,0.32075441778761316,6,163,8,37,6,No,C,X
P0098,Scanly Projector Short Throw SC810,7890.82,2649.02,0.26428938944241537,74,58.5,37,17,5,No,C,Y
P0277,Scanly Projector Short Throw SC237,57158.24,16383.06,0.2726780950568107,3.272727272727273,30,12,30,23,No,A,Y
P0307,Scanly Projector Business SC300,82764.03,44835.81,0.2184987850398295,0.4852941176470588,36,11,53,45,No,A,Y
P0343,Scanly Projector 4K SC304,66143.01,37312.9,0.1875599553150061,1.120879120879121,24,17,45,39,No,A,Y
P0025,Scanly Paper Shredder Heavy Duty SC807,139982.73,75186.04,0.3365821626710666,1.1764705882352942,25.5,20,26,39,No,A,X
P0218,Scanly Laminator Heavy Duty SC927,3570.94,1473.81,0.2202893355811075,13.5,103,9,48,5,No,C,Y
P0037,Scanly Laminator Heavy Duty SC358,5542.27,1096.6,0.3693324215529016,42,79.66666666666667,14,32,4,No,C,Y
P0201,Scanly Label Printer Desktop SC572,12322.89,6490.46,0.37478951771865204,1.0434782608695652,76.66666666666667,8,18,23,No,B,Y
P0094,Scanly Document Scanner ADF SC181,6148.3,3816.9,0.19360798920026673,1.5,223,4,25,12,Yes,C,Y
P0137,Scanly Barcode Scanner Handsfree SC526,2185.65,1295.77,0.3132477752613639,19,222.5,19,42,5,No,C,X
P0162,Scanly Barcode Scanner 2D SC633,35175.8,20283.35,0.2665207330039402,2.76,78,23,34,21,No,B,Y
P0187,RetailFlow Scanner Stand Desktop RE824,12099.42,5856.67,0.3335217721180024,1.8297872340425532,70,43,15,31,No,B,Y
P0211,RetailFlow Scanner Stand Desktop RE371,884.18,812.57,0.402621638127983,96,413,192,22,4,No,C,Y
P0046,RetailFlow Receipt Paper BPA-Free RE679,1500.49,1500.49,0.18276696279215457,1.8666666666666667,34,14,31,3,No,C,X
P0024,RetailFlow Receipt Paper BPA-Free RE317,54883.62,27309.76,0.3453613300288866,1.7027027027027026,57.5,42,35,22,No,A,Y
P0224,RetailFlow Receipt Paper BPA-Free RE316,14982.71,7362.93,0.3448167921557582,3.702127659574468,91,87,39,25,No,B,X
P0036,RetailFlow Receipt Paper BPA-Free RE193,173172.3,102667.52,0.40950660122894944,1.1172413793103448,32.666666666666664,81,28,34,No,A,X
P0385,RetailFlow Receipt Paper 80mm RE292,41360.14,32865.32,0.37683479794797603,0.8897338403041825,69,39,37,22,No,B,Y
P0085,RetailFlow Receipt Paper 57mm RE524,4736.05,3932.62,0.35809799305328277,1.2954545454545454,98.33333333333333,38,27,16,No,C,Y
P0263,RetailFlow Price Checker Wi-Fi RE894,5667.32,505,0.26734505904025185,759,38.666666666666664,253,52,3,No,C,Z
P0149,RetailFlow Price Checker Kiosk RE793,63551.51,23500.52,0.38740558642902423,0.75,70.66666666666667,12,39,24,No,A,Y
P0234,RetailFlow POS Keyboard Spill Resistant RE971,7822.24,3869.91,0.4219686432530835,14.076923076923078,168,61,41,7,No,C,X
P0147,RetailFlow POS Keyboard MSR RE679,35586.67,18413.01,0.33490152351990227,4.016528925619834,64.33333333333333,81,7,21,Yes,B,Y
P0249,RetailFlow Pole Display Customer Facing RE631,38053.35,32212.49,0.31406301941878967,0.3177570093457944,75.33333333333333,17,43,21,No,B,Y
P0040,RetailFlow Pole Display Adjustable RE349,46297.66,11908.71,0.34424202000705867,2.5945945945945943,59,16,42,15,Yes,A,Y
P0348,RetailFlow Label Gun Retail RE341,71500.79,35511.79,0.36165432577737955,2.1306818181818183,26.75,125,20,36,No,A,X
P0105,RetailFlow Cash Drawer Standard RE609,7791.89,6905.03,0.38816513066791236,2.2270742358078603,72,85,38,15,No,C,Y
P0148,RetailFlow Cash Drawer Standard RE283,27256.41,22334.07,0.4160291102166426,10.323144104803495,100,394,6,15,No,B,Y
P0196,RetailFlow Cash Drawer Flip-Top RE971,914.73,914.73,0.44602232352716104,4.615384615384616,40,10,15,2,No,C,X
P0246,RetailFlow Cash Drawer Flip-Top RE287,12026.35,8426.07,0.2865083753591073,5.675675675675675,183.5,35,38,9,No,C,Y
P0096,RetailFlow Cash Drawer Compact RE135,60468.54,35160.36,0.3219333557582174,1.618421052631579,49.666666666666664,41,20,24,No,A,Y
P0335,PrintPro UPS Battery 7Ah PR407,504646.7,302402.44,0.4964245481046443,0.5751226036558181,25.75,215,7,39,Yes,A,Y
P0151,PrintPro UPS Battery 12V PR917,4816.18,4816.18,0.5690526516866063,22.17391304347826,159,170,25,2,No,C,Z
P0136,PrintPro UPS Battery 12V PR813,1923.58,804.35,0.5843687291404568,16.448275862068968,65.33333333333333,159,28,3,No,C,X
P0295,PrintPro Thermal Printer LAN PR828,66155.21,35371.79,0.20359953509330556,1.064516129032258,76,11,5,18,No,A,Y
P0177,PrintPro Thermal Printer LAN PR195,5295.25,3891.8,0.17464708937255086,6,131.5,5,11,5,No,C,Y
P0261,PrintPro Thermal Printer 203dpi PR467,34543.64,19103.69,0.3721981817781797,2.368421052631579,92,15,52,21,No,B,X
P0233,PrintPro Printer Ribbon Wax PR796,58782.16,34066.38,0.40793720407688316,0.4665936473165389,91,71,18,26,No,A,Y
P0069,PrintPro Printer Ribbon Resin PR222,7593.28,3032.51,0.6104450250748029,15.043478260869565,154,173,20,5,Yes,C,Y
P0204,PrintPro Printer Ribbon Color PR642,54457.14,25646.81,0.4840654503706952,2.16986301369863,63.5,132,11,19,Yes,A,Y
P0328,PrintPro Printer Ribbon Black PR774,14108.75,4865.91,0.4935965269779392,14.769230769230768,57,160,39,4,No,B,Y
P0110,PrintPro Printer Ribbon Black PR683,6092.11,2424.74,0.3944692397215415,4.4787234042553195,110,421,35,18,No,C,Y
P0245,PrintPro Printer Ribbon Black PR197,86174.7,34744.64,0.3798244728441178,1.2724458204334366,72.5,137,32,30,No,A,Y
P0001,PrintPro Paper Shredder Micro-Cut PR664,28927.12,11357.45,0.34626053336799517,1.5,61.5,5,17,19,Yes,B,Y
P0076,PrintPro Paper Shredder Heavy Duty PR429,8765.61,4316.17,0.3381225037390438,17,109.5,17,45,5,No,C,Y
P0130,PrintPro Paper Shredder Cross-Cut PR654,10171.33,5194.97,0.1829387110633516,6.782608695652174,79.5,26,21,14,Yes,C,Y
P0309,PrintPro Paper Shredder 8-Sheet PR468,1586.17,576.04,0.24755858451490068,600,65,400,34,5,No,C,Y
P0198,PrintPro Laminator Heavy Duty PR946,2906.09,2906.09,0.3515410740892402,3,43,4,23,4,No,C,Y
P0223,PrintPro Laminator Heavy Duty PR387,133242.52,61860.34,0.27426657796625287,1.3846153846153846,18.5,21,28,44,Yes,A,X
P0230,PrintPro Laminator Heavy Duty PR383,3488.41,0,0.2876066746741352,,299.5,316,29,3,No,C,Y
P0160,PrintPro Laminator Fast Heat PR870,4806.52,4806.52,0.3279129182859948,189.75,346,253,41,4,No,C,X
P0170,PrintPro Label Roll Waterproof PR659,6650.5,2074.71,0.3992511841214946,36.20454545454545,84,531,4,9,No,C,Y
P0203,PrintPro Label Roll Thermal PR591,26378.82,16722.92,0.37099536673740524,0.963855421686747,95,80,26,14,Yes,B,Y
P0320,PrintPro Label Roll 50x25 PR115,1315.97,0,0.31831272749378786,,166.5,67,9,3,No,C,Y
P0331,PrintPro Label Printer Wi-Fi PR641,14839.29,3146.63,0.3679037204610194,20,59.5,10,33,4,No,B,Y
P0207,PrintPro Label Printer Industrial PR700,7808.78,1687.83,0.2841058398366966,20,62,10,25,5,No,C,Y
P0289,PrintPro Label Printer Desktop PR195,8199.86,4278.47,0.32701290022024765,18,103,15,39,3,No,C,Y
P0068,PrintPro Ink Cartridge XL PR794,13485.47,7317.41,0.5084776429742531,3.0749999999999997,233,41,28,6,No,B,X
P0163,PrintPro Document Scanner Duplex PR858,1798.65,1798.65,0.30984905345675917,4,39,2,33,1,No,C,X
P0252,PrintPro Document Scanner ADF PR945,13925.08,5906.81,0.19839598767116598,3.5294117647058822,52.333333333333336,10,20,13,Yes,B,Y
P0113,PrintPro Copy Paper A4 PR477,57068.88,29358.13,0.5434234910515153,7.669902912621359,82,1185,28,20,No,A,Y
P0231,PrintPro Cleaning Kit Screen PR838,493174.64,274717.66,0.5898898004974464,0.8513513513513513,30,315,21,38,No,A,X
P0368,PrintPro Cleaning Kit Screen PR438,82719.77,50684.7,0.515175513664992,0.88468809073724,84,156,8,22,No,A,Y
P0122,PrintPro Cleaning Kit Screen PR137,447120.33,252391.71,0.5908365875468019,1.3771812080536914,10.5,513,34,42,No,A,X
P0119,PrintPro Cleaning Kit Printer PR454,11523.46,11523.46,0.5374653098982424,8.538461538461538,40,185,44,4,No,C,Z
P0310,PrintPro Cleaning Kit Multi-Pack PR893,237.32,0,0.49435361537165007,,236,94,29,1,No,C,Y
P0030,PrintPro Barcode Scanner Wireless PR187,16694.67,5944.02,0.3132754346147603,9.75,73.66666666666667,13,15,7,No,B,Y
P0392,PrintPro Barcode Scanner Handsfree PR478,2840.06,1139.67,0.3538868897135976,186,47,124,7,5,Yes,C,Y
P0290,PrintPro Barcode Scanner 1D PR535,3297.84,1117.67,0.31205880212502723,12,123.5,4,33,5,No,C,Y
P0366,PrintPro AA Battery Rechargeable PR825,24237.56,15028.96,0.5301725916305107,6.763005780346821,170,195,34,7,No,B,Y
P0306,PrintPro AA Battery 24-Pack PR315,149618.25,97120.88,0.4170644958084993,1.2170119956379497,24.5,186,31,21,No,A,Y
P0111,PrintPro AA Battery 12-Pack PR913,7077.52,3466.2,0.49271920107608314,51.3,648,513,31,3,No,C,Y
P0018,PaperNest UPS Battery Long-Life PA384,121492.05,74465.96,0.4070479508741518,0.89171974522293,61,140,24,17,No,A,Y
P0165,PaperNest UPS Battery 9Ah PA568,44205.71,25400.89,0.4544207071891844,2.026537997587455,16.5,280,4,25,No,A,Y
P0032,PaperNest Toner Cartridge Yellow PA561,60007.95,17011.82,0.44777716952503793,3.7714285714285714,41.25,132,20,18,Yes,A,Y
P0356,PaperNest Toner Cartridge Yellow PA507,18570.51,11016.6,0.6189129970043904,4.3770491803278695,74.5,89,8,5,No,B,Y
P0067,PaperNest Toner Cartridge Cyan PA872,14869.31,14869.31,0.4648958156094668,1.6076555023923444,47,56,34,6,No,B,X
P0241,PaperNest Toner Cartridge Cyan PA310,81678.08,49859.51,0.5826285338734701,1.353099730458221,23.666666666666668,502,25,36,No,A,X
P0219,PaperNest Label Roll 50x25 PA223,327479.42,175337.81,0.52185086928516,1.5295169946332736,27.5,570,23,33,No,A,X
P0222,PaperNest Ink Cartridge Tri-Color PA382,259608.4,94828.34,0.5810814673176985,0.8548387096774194,59.5,106,30,25,No,A,Y
P0077,PaperNest Copy Paper A3 PA472,669.78,606.04,0.469796052435128,57.857142857142854,686,405,21,3,No,C,Y
P0274,PaperNest Copy Paper A3 PA264,662.5,516.78,0.5308679245283019,22.573426573426573,74.33333333333333,538,34,7,No,C,Y
P0371,PaperNest Copy Paper 80gsm PA279,6919.64,2923.56,0.3423501800671711,49.904761904761905,45.333333333333336,524,27,4,No,C,Y
P0167,PaperNest Cleaning Kit Screen PA688,821.78,669.64,0.3916254958748083,3,115,18,19,4,No,C,Y
P0374,PaperNest Cleaning Kit Screen PA261,25651.86,14060.42,0.5613651407734176,69.87931034482759,78,1351,29,6,No,B,Y
P0178,PaperNest Cleaning Kit Printer PA820,68401.18,33803.46,0.5494950525707306,8.338368580060424,85.25,460,23,18,Yes,A,Y
P0065,PaperNest AA Battery Rechargeable PA926,16583.78,9095.67,0.39033802908625176,9.372549019607844,216,239,14,8,No,B,Y
P0325,PaperNest AA Battery Rechargeable PA818,3832.58,1700.26,0.40923346675085714,8.74698795180723,71,121,43,7,No,C,Y
P0370,PaperNest AA Battery Rechargeable PA684,84186.81,33860.58,0.4785330386078294,1.1388888888888888,80,82,30,17,No,A,X
P0221,PaperNest AA Battery Rechargeable PA251,14441.27,5071.12,0.46331105228279784,82.7872340425532,176,1297,16,7,No,B,Y
P0164,Orbit Smart Watch Pro OR560,2593.22,0,0.4152289431671821,,413,33,41,3,No,C,X
P0082,Orbit POS Tablet Android OR473,2882.65,718.55,0.23757653547950672,334,238,167,25,5,No,C,Y
P0079,Orbit POS Tablet 10-inch OR417,2949.78,1246.77,0.37445504410498404,7.636363636363637,202.5,14,41,8,No,C,Y
P0155,Orbit IP Camera Outdoor OR568,2909.49,1723.32,0.25267314890238496,3,87,6,9,7,No,C,Y
P0338,Orbit IP Camera Indoor OR898,6754.92,3428.55,0.37153363770407344,17,144,17,15,6,No,C,Y
P0048,NovaCore Wi-Fi Router Mesh NO303,93770.85,46035.96,0.3596494006399643,0.8571428571428571,109,11,48,24,Yes,A,Y
P0152,NovaCore Tablet Rugged NO468,149.79,149.79,0.3417451098204152,1464,443,244,23,1,No,C,X
P0190,NovaCore Tablet 8-inch NO666,40297.96,19411.78,0.18623672265295813,1.7142857142857144,48.666666666666664,14,35,19,Yes,B,Y
P0375,NovaCore Tablet 8-inch NO418,52848.13,26124.53,0.3432395810409943,2.197183098591549,94.66666666666667,26,29,25,No,A,Y
P0185,NovaCore Tablet 10-inch NO384,2009.69,375.15,0.30583323796207373,1068,73,178,40,4,No,C,Z
P0059,NovaCore Smart Watch Sport NO863,10740.2,1478.56,0.24363605891882828,2,96,1,9,6,No,C,Y
P0352,NovaCore Smart Watch Sport NO234,13458.88,10795.93,0.30445549703987257,1.2,99,4,40,9,No,B,Y
P0073,NovaCore Smart Watch Pro NO362,140723.32,65681.28,0.31599048402212226,0.7261146496815286,18.666666666666668,19,43,34,No,A,Y
P0377,NovaCore Smart Watch Pro NO247,96908.14,54954.45,0.23199268915903246,0.7904191616766467,34.333333333333336,22,34,37,No,A,Y
P0367,NovaCore Smart Watch Pro NO111,383.71,224.13,0.3600635896901306,192,283,96,43,2,No,C,Y
P0216,NovaCore Smart Watch Health NO304,58643,33566.46,0.3253465886806609,0.40336134453781514,52.5,8,33,22,No,A,Y
P0212,NovaCore Smart Speaker Wi-Fi NO459,30465.2,16361.03,0.22353504982734398,1.2127659574468086,86,19,33,24,Yes,B,Y
P0003,NovaCore POS Tablet Rugged NO919,3616.64,1669.3,0.27107480976818266,31.2,114,52,33,9,No,C,Y
P0128,NovaCore POS Tablet Rugged NO268,66671.93,33218.04,0.3707696777339429,1.44,86,24,18,24,No,A,Y
P0006,NovaCore POS Tablet Dock-Ready NO139,39422.12,19840.78,0.33566637207740224,0.48,144,6,20,21,No,B,Y
P0013,NovaCore POS Tablet Android NO950,44567.79,20777.66,0.3042253160858997,1.453416149068323,19.333333333333332,39,44,33,No,A,X
P0192,NovaCore Mini PC Fanless NO677,2399.21,1694.57,0.3063133281371785,6.5,95.5,13,12,5,No,C,Z
P0055,NovaCore IP Camera Outdoor NO524,31231.05,15771.85,0.321441962406003,5.349397590361446,100.5,74,43,16,No,B,Z
P0171,NovaCore IP Camera Outdoor NO314,14106.46,5953.34,0.3952898175729418,3.5999999999999996,191.5,6,9,9,No,B,Y
P0235,Nexa Wireless Mouse Ergo NE450,113482.83,62905.37,0.45453598575220583,1.673758865248227,33.5,118,21,33,No,A,Y
P0226,Nexa USB-C Cable 1m NE347,2345.79,1629.96,0.4226976839359022,1.6972111553784859,76.5,71,46,14,No,C,Y
P0133,Nexa USB-C Cable 1m NE132,1143.04,1143.04,0.4921437569988802,24.599999999999998,581,41,31,3,No,C,Y
P0180,Nexa Power Bank 20K NE170,27142.75,16589.65,0.3473060025236942,0.8859060402684564,74.33333333333333,22,34,17,Yes,B,Z
P0257,Nexa Noise-Canceling Headset USB NE206,29138.47,14250.55,0.5215088506706083,0.7407407407407407,112,10,54,14,Yes,B,Y
P0298,Nexa Noise-Canceling Headset Call-Center NE688,738.45,0,0.5097298395287426,,675.5,209,37,3,No,C,Y
P0156,Nexa HDMI Cable 8K NE717,20987,10531.57,0.5035545814075381,0.7777777777777778,89,28,40,23,No,B,Y
P0265,Nexa HDMI Cable 8K NE174,2631.46,905.72,0.33443791659383004,1.875,72.33333333333333,5,41,5,No,C,Y
P0271,Nexa HDMI Cable 2m NE756,34931.5,29968.2,0.4454186049840402,3.5252918287937742,68,151,20,14,No,B,Y
P0314,Nexa GaN Charger 100W NE353,0,0,,,9,106,22,,No,,
P0383,Nexa Flash Drive 256GB NE545,123893.03,67288.55,0.4410949510234756,0.995260663507109,26.666666666666668,105,26,38,No,A,Y
P0390,Nexa Docking Station 8-in-1 NE811,3315.82,732.32,0.5004493609423913,20.25,57,27,55,5,No,C,Y
P0279,NetBridge SFP Module 1G NE664,26590.03,13769.68,0.16411151096858484,1.4320987654320987,21.666666666666668,58,52,41,No,B,Y
P0242,NetBridge SFP Module 1G NE389,2051.89,1785.98,0.18525846902124385,148.28571428571428,687,173,36,4,No,C,Y
P0134,NetBridge Rack PDU Vertical NE339,2558.24,1759.36,0.19454390518481457,1.8461538461538463,172,4,23,8,No,C,Y
P0092,NetBridge Rack PDU Basic NE137,28573.4,13109.11,0.3487124388417199,2.074074074074074,150,28,35,20,No,B,Y
P0004,NetBridge Rack PDU 8-Socket NE491,12092.98,7219.99,0.262568035339511,0.8,228,2,60,7,No,C,Y
P0002,NetBridge Patch Panel 48-Port NE142,9921.59,5590.65,0.3671447822375244,5.7631578947368425,68.33333333333333,73,52,20,No,C,Y
P0199,NetBridge Patch Panel 24-Port NE514,10041.63,1131.12,0.237077048248143,72,75.33333333333333,24,23,5,No,C,Y
P0272,NetBridge Network Switch Managed NE504,89211.1,34591.33,0.26649486442830544,0.09836065573770493,104.5,1,31,15,No,A,Y
P0022,NetBridge Firewall Appliance VPN NE470,16192.41,9834.48,0.2762003926531011,17.076923076923077,206.5,37,22,7,Yes,B,Y
P0364,NetBridge CAT6 Cable 3m NE224,74848.13,31375.15,0.3910944735693463,1,99,14,40,24,Yes,A,Z
P0327,NetBridge CAT6 Cable 3m NE170,4199.63,1885.02,0.31299662113090915,363.59999999999997,32.5,303,33,3,No,C,Y
P0021,NetBridge CAT6 Cable 10m NE970,242.76,114.79,0.3574724007249959,46.8,535.5,39,41,4,No,C,X
P0384,NetBridge CAT6 Cable 10m NE212,8330.56,4490.84,0.26777551569162217,2.111587982832618,40,82,14,41,No,C,X
P0208,NetBridge Access Point Outdoor NE261,11760.13,6197.03,0.4003952337261578,4.666666666666667,160.5,7,41,4,No,C,Y
P0282,NetBridge Access Point Indoor NE764,32264.28,16867.82,0.1747654062015331,1.6216216216216215,71.33333333333333,20,35,21,No,B,Y
P0344,NetBridge Access Point Indoor NE412,86700.11,38942.93,0.23584641357433112,0.42857142857142855,85,6,61,19,No,A,Y
P0169,MarkPoint Thermal Printer USB MA184,58725.67,30822.99,0.32535056645586163,2.5531914893617023,24.5,40,33,42,No,A,X
P0288,MarkPoint Receipt Printer USB MA487,1568.44,1259.24,0.3581520491698758,286.5,475,191,34,3,No,C,Y
P0183,MarkPoint Receipt Printer LAN MA424,11169.8,7257.14,0.3241741123386274,14.25,208,19,40,5,No,C,X
P0244,MarkPoint Receipt Printer 80mm MA362,48369.87,25792.48,0.21394454853817055,1.625,26.5,26,24,34,No,A,Y
P0258,MarkPoint Projector Short Throw MA963,2856.43,0,0.3385589704631306,,492,348,44,2,No,C,Y
P0321,MarkPoint Projector Portable MA656,56041.09,35679.19,0.29769888487179674,1.2972972972972971,86,8,44,24,No,A,Y
P0078,MarkPoint Paper Shredder Micro-Cut MA390,51151.6,28331.42,0.3384228450331954,0.5581395348837209,80.5,4,22,21,No,A,Y
P0154,MarkPoint Paper Shredder Heavy Duty MA375,58344.45,23591.71,0.31851101518653446,1.6666666666666667,58.5,10,48,26,No,A,X
P0108,MarkPoint Paper Shredder 8-Sheet MA294,12079.1,6008.1,0.19884345688006555,2.8421052631578947,54.333333333333336,18,43,18,Yes,C,Y
P0300,MarkPoint Laminator A4 MA491,68804.56,30299.85,0.373355486903775,1.6363636363636365,92,12,57,26,No,A,X
P0175,MarkPoint Label Printer Wi-Fi MA970,13006.29,8826.63,0.36243463739467596,6.75,85,9,17,5,No,B,X
P0026,MarkPoint Document Scanner High-Speed MA535,12555.05,5553.69,0.251424725508859,1.2307692307692308,64,8,31,24,No,B,X
P0041,MarkPoint Barcode Scanner Wireless MA957,15274.78,5530.76,0.3299805299978134,18,65,21,33,7,No,B,X
P0168,MarkPoint Barcode Scanner 1D MA986,47814.99,22019.6,0.38466744424708654,1.7560975609756098,83,12,24,23,No,A,X
P0360,InkSphere Toner Cartridge Yellow IN395,13542.28,808.08,0.5758542874611956,590,65.5,885,33,4,No,B,Y
P0135,InkSphere Toner Cartridge Cyan IN776,32224.37,32224.37,0.4344429386827423,3.7557251908396947,9.5,164,35,7,No,B,Y
P0181,InkSphere Toner Cartridge Black IN243,38287.17,21042.05,0.42139155231373854,1.315240083507307,68.5,105,26,16,Yes,B,Y
P0382,InkSphere Printer Ribbon Wax IN936,375862.02,207963.24,0.37324872568928347,0.8514344262295083,35,277,25,40,No,A,Y
P0286,InkSphere Printer Ribbon Wax IN157,55095.42,22922.62,0.5775300378869967,1.3815261044176708,118,172,11,24,No,A,Y
P0023,InkSphere Printer Ribbon Resin IN430,19056.66,9184.57,0.5172900182928173,3.7597402597402594,46.666666666666664,193,36,16,Yes,B,Y
P0042,InkSphere Printer Ribbon Color IN144,2183.7,0,0.5048037734120987,,362,144,20,2,No,C,X
P0397,InkSphere Label Roll Waterproof IN459,4215.81,1385.19,0.4285344927783747,27.285714285714285,68,191,24,5,No,C,Y
P0297,InkSphere Label Roll 50x25 IN630,110.44,45.55,0.34878667149583487,59,468,118,24,2,No,C,X
P0301,InkSphere Label Roll 50x25 IN587,144338.7,75445.86,0.5187332295496634,1.0748987854251013,13.5,354,17,38,No,A,X
P0351,InkSphere Label Roll 40x30 IN288,10168.4,6912.64,0.5692980213209552,11.333333333333334,139.5,136,27,5,No,C,Y
P0361,InkSphere Ink Cartridge Tri-Color IN702,229.36,172.86,0.5702825252877572,6.75,139,36,37,3,No,C,Y
P0326,InkSphere Ink Cartridge Photo IN466,65753.39,34303.06,0.6024244529445554,0.8809523809523809,78,111,27,17,No,A,Y
P0394,InkSphere Copy Paper A3 IN488,103211.48,57649.73,0.5464248744422616,1.8270401948842874,60,250,9,22,No,A,Y
P0080,InkSphere AA Battery 12-Pack IN284,158742.06,80446.82,0.6104423742516634,0.784688995215311,76.5,82,12,23,No,A,Y
P0191,FortiEdge SFP Module 1G FO283,682.39,223.77,0.28515951288852415,540,200,90,11,2,No,C,Y
P0209,FortiEdge Rack PDU Metered FO487,6355.01,3061.24,0.3181395465939471,8.571428571428571,237,20,60,6,No,C,Y
P0109,FortiEdge Rack PDU Basic FO606,11898.55,4954.32,0.3238848431111354,10.5,166.5,14,29,6,No,C,X
P0012,FortiEdge Rack PDU 8-Socket FO670,358.61,358.61,0.3218817099355846,330,211,165,49,2,No,C,Y
P0395,FortiEdge Rack PDU 8-Socket FO199,3546.09,654.47,0.39141138549783,420,122,350,35,9,No,C,Y
P0254,FortiEdge Patch Panel CAT6 FO818,76658.42,19754.29,0.3497152693728882,1.6097560975609757,101.5,11,22,21,No,A,Y
P0182,FortiEdge Patch Panel CAT6 FO310,89722.36,41895.35,0.25207049836852263,1.4117647058823528,87,16,29,19,No,A,X
P0311,FortiEdge Network Switch Managed FO969,1282.55,0,0.31656465634868036,,224.5,56,33,2,No,C,Y
P0159,FortiEdge Firewall Appliance VPN FO647,17893.73,7356.98,0.2190493541592502,4,86.5,10,35,7,No,B,Y
P0019,FortiEdge Firewall Appliance Mid-Market FO959,182427.61,100032.89,0.34229840537844025,1.1559633027522935,26.5,21,44,26,No,A,Y
P0084,FortiEdge Firewall Appliance Branch FO828,176147.17,72674.99,0.3723112327038805,1.393939393939394,87,23,34,18,No,A,Y
P0330,CheckoutX Scanner Stand Heavy Base CH150,5422.67,1468.05,0.3522895547765215,9.88235294117647,75.5,28,51,8,No,C,Y
P0174,CheckoutX Scanner Stand Countertop CH484,60036.67,28076.08,0.2944685306496846,2.246913580246914,31,91,38,39,No,A,X
P0228,CheckoutX Receipt Paper 80mm CH762,32292.1,26794.33,0.300997147909241,22.50955414012739,100.5,589,60,15,No,B,Y
P0075,CheckoutX Price Checker Wall Mount CH158,754.67,0,0.36820067049173816,,70.33333333333333,63,22,4,No,C,Y
P0104,CheckoutX Price Checker Touch CH962,3142.76,2053.43,0.3276546729626188,63.333333333333336,374.5,190,25,5,No,C,Z
P0220,CheckoutX Pole Display USB CH954,307718.69,145172.97,0.4247235356422452,0.9464788732394367,34,56,15,38,Yes,A,Y
P0347,CheckoutX Pole Display USB CH612,24820.85,13122.21,0.40108255760781764,2.857142857142857,59.333333333333336,30,39,12,Yes,B,Y
P0014,CheckoutX Pole Display USB CH381,22060.12,22060.12,0.3403979670101523,3.085714285714286,38,36,44,9,No,B,Y
P0099,CheckoutX Pole Display Customer Facing CH826,679.41,679.41,0.24438851356323868,31.384615384615387,19.5,68,22,3,No,C,X
P0200,CheckoutX Label Gun Two Line CH943,34476.51,10698.47,0.40862256649527456,16.8,69.25,154,5,15,Yes,B,Y
P0058,CheckoutX Label Gun Two Line CH653,24924.26,15761.35,0.40791020475632983,0.7261146496815286,59.5,19,39,20,No,B,Y
P0044,CheckoutX Cash Drawer Standard CH972,5802.19,3534.62,0.45694642884841763,9.333333333333334,79.66666666666667,14,39,6,No,C,Y
P0296,CheckoutX Cash Drawer Standard CH902,15399.93,11483.48,0.23517574430533125,2.6666666666666665,85,32,45,14,Yes,B,Y
P0312,CheckoutX Cash Drawer Compact CH523,2665.8,1913.69,0.3140895791132118,187.71428571428572,55.666666666666664,657,34,5,No,C,Y
P0287,ByteWave Webcam Privacy-Shutter BY988,7385.14,3422.99,0.45567179498289806,12,198,44,60,6,No,C,Y
P0255,ByteWave Webcam Privacy-Shutter BY944,5159.7,4102.16,0.5212163497877784,8.307692307692308,239,36,26,5,No,C,Y
P0299,ByteWave Webcam AutoFocus BY810,560.33,0,0.27283921974550707,,421,39,60,3,No,C,Y
P0179,ByteWave USB-C Cable 2m BY589,808.48,573.17,0.5001731644567583,5.0625,237,27,23,5,Yes,C,Y
P0247,ByteWave Power Bank 20K BY812,37843.49,16449.58,0.48963058111183727,4.954128440366972,81.66666666666667,90,40,14,Yes,B,Y
P0176,ByteWave Portable SSD Rugged BY907,892.98,892.98,0.511243252928397,129.6,305,108,37,1,No,C,Y
P0145,ByteWave Portable SSD 500GB BY636,798.56,453.09,0.5095922660789421,12,71.5,68,51,6,Yes,C,Y
P0270,ByteWave Portable SSD 500GB BY175,21995.13,10834.18,0.3571395122465746,4.51685393258427,51.75,67,34,17,Yes,B,Y
P0141,ByteWave Noise-Canceling Headset Call-Center BY402,11011.49,11011.49,0.4215642024830427,5.454545454545454,31.5,70,53,5,Yes,C,Y
P0070,ByteWave Noise-Canceling Headset ANC BY546,2981.91,594.49,0.4694608489189815,11.1,159,37,55,7,No,C,Y
P0243,ByteWave Mechanical Keyboard TKL BY661,39946.83,21800.5,0.4969167766253292,2.7715736040609134,29,91,42,24,No,B,Y
P0057,ByteWave Mechanical Keyboard Full-Size BY170,46048.95,37719.8,0.46184744711877257,1.4085365853658538,118.5,77,10,18,No,A,Y
P0166,ByteWave Laptop Stand Foldable BY933,3260.9,1750.16,0.43908123524180437,3.8181818181818183,207,7,31,3,No,C,Y
P0184,ByteWave Flash Drive 64GB BY114,16771.29,9409.28,0.3865707408315043,0.5892857142857143,97,11,54,17,Yes,B,Y
P0334,ByteWave Flash Drive 128GB BY676,164709.85,96649.19,0.46026008766324533,2.6804451510333864,12,281,40,42,No,A,X
P0202,ByteWave Flash Drive 128GB BY135,960.9,521.73,0.31762930585909044,35.333333333333336,660,53,25,3,No,C,Y
P0116,ByteWave Docking Station Dual-HDMI BY631,22145.05,15133.8,0.3788995734938508,0.8936170212765958,111.5,35,57,21,No,B,Y
P0260,ByteWave Docking Station 8-in-1 BY125,6605.34,6605.34,0.4978305431665895,2.5161290322580645,32,26,47,6,No,C,X
P0324,AxisOffice Thermal Printer Bluetooth AX804,24406.15,12550.6,0.1907572476609379,1.7999999999999998,58,12,17,26,No,B,Y
P0281,AxisOffice Thermal Printer 203dpi AX324,54926.04,31626.86,0.2024192896484072,3.6923076923076925,69.75,24,38,20,Yes,A,Y
P0399,AxisOffice Scanner Stand Countertop AX776,51964.28,22135.34,0.38692809753161206,0.75,89,9,52,21,No,A,Y
P0157,AxisOffice Scanner Stand Countertop AX387,22003.69,17634.01,0.3335399653421767,0.40336134453781514,89,16,35,16,No,B,Y
P0284,AxisOffice Scanner Stand Adjustable AX178,21722.35,21722.35,0.3268499955115354,1.2162162162162162,22,15,36,9,No,B,Y
P0205,AxisOffice Receipt Printer USB AX280,31591.96,13068.65,0.29719175385129637,1.4210526315789473,72.33333333333333,9,8,26,No,B,Y
P0089,AxisOffice Receipt Printer 80mm AX499,116560.76,57425.74,0.24682397403723177,2.1386138613861387,26.333333333333332,36,36,42,No,A,X
P0240,AxisOffice Receipt Paper Thermal AX889,825.71,384.46,0.25357571060057404,86,427,86,31,5,No,C,Y
P0005,AxisOffice Receipt Paper 80mm AX508,10460.11,4040.4,0.31876815826984606,2.135593220338983,68,21,27,11,Yes,C,Y
P0049,AxisOffice Receipt Paper 57mm AX720,5264.84,5264.84,0.36479551135457106,4.16,5,52,51,9,No,C,Y
P0251,AxisOffice Receipt Paper 57mm AX570,1017.47,802.39,0.2802834481606337,17.470588235294116,192,99,40,7,Yes,C,Y
P0329,AxisOffice Receipt Paper 57mm AX144,36289.82,17048.37,0.3767268616928935,0.5409836065573771,44,11,30,24,No,B,X
P0064,AxisOffice Projector Portable AX394,22016.89,12354.18,0.30854539401341424,1.2452830188679245,53,11,41,27,No,B,Y
P0081,AxisOffice Price Checker Wall Mount AX777,3346.76,1621.34,0.2761954845880792,95.6842105263158,158.5,303,36,7,No,C,Y
P0150,AxisOffice Price Checker Wall Mount AX448,3251.78,1200.3,0.43995288734170207,4.666666666666667,94.5,14,31,7,No,C,Y
P0189,AxisOffice Price Checker Touch AX261,2876.65,1597.52,0.3245789373055464,29.25,76.66666666666667,39,21,2,No,C,Y
P0369,AxisOffice POS Keyboard Programmable AX955,92169.23,48306.53,0.3907797645700198,1.7532467532467533,75.66666666666667,45,37,27,No,A,X
P0400,AxisOffice POS Keyboard Programmable AX491,20705.82,20705.82,0.40556133492901997,5.7272727272727275,47,63,25,8,No,B,Y
P0195,AxisOffice Pole Display Customer Facing AX569,7368.67,4949.33,0.23905942320663023,0.75,212,2,58,6,No,C,Y
P0355,AxisOffice Pole Display Customer Facing AX503,4542.15,1469.17,0.32079301652301223,7.5,98,15,16,6,No,C,Y
P0132,AxisOffice Pole Display Adjustable AX641,46234.8,25464.39,0.39540086687949333,2.934782608695652,81,45,18,14,Yes,A,Y
P0123,AxisOffice Pole Display Adjustable AX237,14798.19,6458.43,0.436706110679752,20.8,72.66666666666667,52,23,5,Yes,B,Y
P0225,AxisOffice Pole Display 2-Line AX277,7773.59,2680.93,0.43488272471277745,43.71428571428571,713,51,32,3,Yes,C,X
P0015,AxisOffice Paper Shredder Micro-Cut AX517,4108.73,1462.58,0.39877529066159134,390,96.5,260,24,5,No,C,Y
P0285,AxisOffice Paper Shredder Cross-Cut AX593,22935.12,12553.72,0.2730014057044393,0.8135593220338982,91.5,8,33,23,No,B,Y
P0009,AxisOffice Paper Shredder Cross-Cut AX411,32200.22,20948.46,0.3556081293854514,6.235294117647059,56.75,53,25,17,Yes,B,Y
P0341,AxisOffice Laminator A3 AX880,4067.54,1595.27,0.28178702606489425,2.4,223,2,22,9,Yes,C,X
P0017,AxisOffice Laminator A3 AX737,64178.19,38696.75,0.2769655859724308,1.8106508875739644,32.333333333333336,51,45,41,No,A,X
P0102,AxisOffice Label Printer Desktop AX951,16057.15,6591.84,0.31386329454479783,3,94,4,47,12,No,B,X
P0236,AxisOffice Document Scanner High-Speed AX314,6846.85,2452.03,0.2247135544082315,12,68.5,8,40,5,No,C,Y
P0379,AxisOffice Document Scanner ADF AX911,38607.76,20633.13,0.3219653251056264,2.129032258064516,63,11,32,15,Yes,B,X
P0227,AxisOffice Document Scanner ADF AX266,56970.2,36741.08,0.2739918413486349,2.25974025974026,120,29,42,30,No,A,Y
P0268,AxisOffice Cash Drawer Standard AX403,148349.15,69102.51,0.3141961379623679,0.9858356940509915,30.75,58,45,37,No,A,Y
P0061,AxisOffice Cash Drawer Standard AX229,39606.04,29529.29,0.2361594342681066,0.7641509433962264,69.5,27,6,27,No,B,Y
P0090,AxisOffice Cash Drawer Flip-Top AX236,24334.09,19055.6,0.22254951798074224,0.7802690582959642,60,29,41,15,Yes,B,Y
P0273,AxisOffice Cash Drawer Flip-Top AX111,111668.15,46886.25,0.24838801395026244,1.5642023346303502,22.333333333333332,67,39,36,No,A,Y
P0131,AxisOffice Cash Drawer Compact AX990,30160.52,18798.71,0.25539712180028723,0.5079365079365079,55.5,16,50,27,No,B,Y
P0031,AxisOffice Cash Drawer Compact AX412,33534.55,15643.12,0.3805016020790498,1.7538461538461538,55.666666666666664,19,34,17,Yes,B,Y
P0337,AxisOffice Barcode Scanner 1D AX840,3309.19,3309.19,0.3476258540609635,12,399.5,18,11,3,No,C,Y
P0095,Aster Wi-Fi Router Mesh AS754,4791.32,3139.07,0.3262816927276826,11.25,210.5,15,43,6,No,C,X
P0206,Aster Wi-Fi Router Mesh AS279,25665,14279.54,0.37155815312682644,3.7966101694915255,36,112,26,38,No,B,X
P0398,Aster Wi-Fi Router AX1800 AS188,29776.16,19235.7,0.3510546692387467,1.1744680851063831,29,46,26,39,No,B,Y
P0318,Aster Tablet 11-inch AS181,1467.44,267.62,0.3306029548056479,576,678,96,32,4,No,C,Y
P0302,Aster Smart Watch Pro AS954,7699.78,7116.66,0.37676141396247687,5.454545454545455,203,10,43,5,No,C,Y
P0062,Aster Smart Speaker Voice Hub AS523,7534.83,0,0.38982564968287275,,57.5,15,40,3,No,C,Y
P0210,Aster Smart Speaker Stereo AS928,35157.34,22389.81,0.21395617529653838,1.565217391304348,78,42,44,22,No,B,Y
P0283,Aster Smart Speaker Stereo AS485,5756.18,1601.28,0.31870094402885246,886.5,49.333333333333336,1182,40,7,No,C,Y
P0303,Aster Mini PC Fanless AS604,91088.57,41018.14,0.2024114551364677,0.935064935064935,129,12,18,20,No,A,Y
P0035,Aster IP Camera Indoor AS334,57793.67,33944.31,0.30847149869527235,0.9375,50,15,30,31,Yes,A,Y
P0010,Aster IP Camera 4MP AS195,1594.19,1594.19,0.34800745206029393,10.799999999999999,366.5,9,53,3,No,C,X
P0028,Aster IP Camera 4MP AS114,145942.74,63211.91,0.38125267485042424,1.88,29.666666666666668,47,8,41,No,A,X
P0363,AeroLink Wireless Mouse Ergo AE566,7878.64,121.62,0.3767236477361575,2178,39.333333333333336,363,41,4,No,C,Y
P0239,AeroLink Wireless Mouse Ergo AE268,28057.45,17359.71,0.45112617148030204,1.8504672897196264,103.33333333333333,66,34,15,No,B,Y
P0103,AeroLink Webcam 2K AE750,3358.25,1106.07,0.5305054715997916,152.78571428571428,62.5,713,29,5,No,C,Y
P0097,AeroLink USB-C Cable 2m AE642,16197.23,7872.41,0.48011851409160705,1.9867549668874172,52,50,34,22,No,B,X
P0146,AeroLink USB-C Cable 1m AE769,2838.66,2838.66,0.3921181120669612,3.878787878787879,18,64,42,5,No,C,Y
P0256,AeroLink SFP Module 10G AE610,94337.51,26755.67,0.16895304953459128,0.48387096774193544,62,5,48,23,No,A,Y
P0033,AeroLink Rack PDU Metered AE535,15429.92,7153.13,0.3449272582100231,4.8,67.25,32,35,10,Yes,B,Y
P0158,AeroLink Rack PDU Basic AE951,13959.82,8669.28,0.22942845967927955,3.6,98,9,22,9,No,B,Y
P0007,AeroLink Power Bank Fast-Charge AE101,42698.17,22046.47,0.4430124288699024,0.8823529411764707,107.5,25,36,16,No,A,Y
P0091,AeroLink Portable SSD 500GB AE833,10957.43,7018.18,0.5065120196980496,3.017142857142857,76,88,45,14,Yes,C,Y
P0054,AeroLink Portable SSD 500GB AE138,36673.17,19517.23,0.3459321896634515,0.5168539325842697,27.333333333333332,46,40,38,No,B,X
P0194,AeroLink Portable SSD 1TB AE642,9053.91,3093.21,0.5108323365264289,75.14285714285714,98,263,43,4,No,C,Y
P0100,AeroLink Portable SSD 1TB AE342,7913.14,2246.07,0.49157477309892156,2,135,5,36,7,No,C,Y
P0086,AeroLink Portable SSD 1TB AE139,26530.95,17837.48,0.34426773259155813,2.2765273311897105,66,118,56,23,Yes,B,Y
P0172,AeroLink Patch Panel 48-Port AE431,7578.8,1333.2,0.29318625639942997,12,106,6,60,6,No,C,Y
P0389,AeroLink Noise-Canceling Headset Wireless AE727,2855.35,799.48,0.4515278337156566,70.66666666666667,68,106,41,6,No,C,Y
P0051,AeroLink Network Switch PoE AE950,2237.2,1514.74,0.37578222778473097,44.769230769230774,195,97,26,8,No,C,Y
P0101,AeroLink Network Switch Managed AE887,59451.98,33314.45,0.29868323981808514,0.6585365853658537,98,9,35,22,No,A,Y
P0053,AeroLink Network Switch 24-Port AE582,3289.65,187.84,0.2569422278965847,177,98.5,59,66,7,No,C,Y
P0071,AeroLink Mechanical Keyboard Full-Size AE920,14283.57,6975.44,0.4393859518313699,3.3191489361702127,22.75,52,23,16,Yes,B,Y
P0332,AeroLink Mechanical Keyboard Full-Size AE683,1056.65,0,0.5156958311645293,,217,20,32,2,No,C,Y
P0127,AeroLink HDMI Cable 4K AE880,2099.26,1639.96,0.4414031611139163,11.590909090909092,169,85,33,6,No,C,Y
P0060,AeroLink GaN Charger Travel AE758,1923.27,1923.27,0.4232739033001087,4.5,8,15,17,2,No,C,Z
P0052,AeroLink GaN Charger 3-Port AE192,86706.84,41500.32,0.493547683204693,1.4210526315789473,93,63,8,26,No,A,Y
P0232,AeroLink GaN Charger 100W AE802,4595.04,2186.34,0.4283227131863923,32,291,80,56,5,No,C,Y
P0353,AeroLink Flash Drive USB 3.2 AE829,94869.95,48045.08,0.3865201784126586,1.833634719710669,27.333333333333332,169,6,40,No,A,X
P0275,AeroLink Flash Drive 256GB AE787,85.98,85.98,0.48569434752267965,24,55.666666666666664,12,47,2,No,C,Y
P0253,AeroLink Flash Drive 256GB AE673,93010.13,40893.18,0.49022326922884635,0.945,16,63,21,39,No,A,X
P0259,AeroLink Firewall Appliance Rackmount AE827,393659.26,198649.16,0.22504106724175624,0.44680851063829785,21,21,34,40,No,A,X
P0050,AeroLink Firewall Appliance Branch AE416,17920.18,9928.6,0.3236853647675414,1.5,193.5,4,48,9,No,B,Y
P0339,AeroLink Docking Station USB4 AE636,11164.05,11164.05,0.5114676125599581,0.26666666666666666,53,6,39,9,No,C,X
P0126,AeroLink CAT6 Cable 10m AE806,6851.47,4150.86,0.32514336339500866,3.6666666666666665,216,11,37,9,No,C,Y
P0365,AeroLink CAT6 Cable 10m AE537,71870.87,37487.2,0.23044983315215195,0.972972972972973,27.333333333333332,42,44,32,No,A,X
P0093,AeroLink Access Point Wi-Fi 6 AE291,21675.74,21675.74,0.1949451322077124,2.142857142857143,18,15,11,8,No,B,X
P0264,AeroLink Access Point Wi-Fi 6 AE233,3308.79,296.81,0.39680668764110144,12,79.5,4,5,3,No,C,Y
P0029,AeroLink Access Point Mesh AE590,14886.21,6239.6,0.2769610263458597,14,48,21,25,7,No,B,Y
P0088,AeroLink Access Point Indoor AE747,4905.89,2295.56,0.2998212352906404,4.625,62,37,19,16,No,C,Z
